Nom_Intersection,Longitude,Latitude,total
Desautels / Sherbrooke,-73.630449,45.502849,14755
Decelles / Van Horne,-73.622905,45.511472,9062
Boisé / Northcrest/Van Horne,-73.596443,45.494913,8378
McDougall / The Boulevard,-73.587933,45.496396,8239
Côte-des-Neiges / Pins . Int Est,-73.644004,45.529511,8607
Acadie / Liège,-73.61956,45.527386,23051
Beaumont / Querbes,-73.635329,45.531977,5152
Jarry / Querbes,-73.626571,45.506987,11508
avenue Linton / avenue Van Horne,-73.627817,45.524743,7810
boulevard de l' Acadie / avenue Ogilvy,-73.658984,45.558391,17156
Fleury / Georges-Baril,-73.668183,45.558653,7032
Gouin / Saint-Hubert,-73.674332,45.551364,4369
Gouin / Saint-Laurent,-73.676912,45.54961,5346
Gouin / Waverly,-73.640671,45.570928,5278
Lille / Port-Royal,-73.658189,45.559741,6017
Chambord / Fleury,-73.643268,45.567844,7325
Lorimier / Port-Royal,-73.558129,45.581384,4819
Du Quesne / Rosemont,-73.553073,45.571177,6456
Assomption / Accès stationnement pyramides Olympiques,-73.555584,45.571986,6778
Assomption / 5115 face Cité Nature,-73.556816,45.566132,7509
Viau / Piste cyclable 200 m au Nord de Sherbrooke,-73.612461,45.618368,9409
boulevard Albert-Hudon / boulevard Maurice-Duplessis,-73.614814,45.61713,14806
Langelier / Maurice-Duplessis,-73.619316,45.624762,17907
Albert-Hudon / Léger,-73.52223,45.59256,17887
rue Honoré-Beaugrand / avenue Souligny,-73.521578,45.59237,9338
rue Honoré-Beaugrand / avenue Dubuisson,-73.572595,45.519246,6494
Roy / Saint-Denis,-73.570221,45.518183,12147
Cherrier / Saint-Denis,-73.583134,45.488107,10967
Atwater / René-Lévesque,-73.584487,45.489323,36745
Atwater / Sainte-Catherine,-73.585775,45.490069,41345
Atwater / Maisonneuve,-73.579261,45.49567,34974
Guy / Maisonneuve,-73.577835,45.495033,34306
Guy / Sainte-Catherine,-73.574687,45.500891,39933
Maisonneuve / Peel,-73.571606,45.50135,18723
Mansfield / Sainte-Catherine,-73.575023,45.497887,28985
Montagne / Sainte-Catherine,-73.572919,45.500012,23039
Peel / Sainte-Catherine,-73.578625,45.490195,31838
Fort du / René-Lévesque,-73.575032,45.493814,24974
Guy / René-Lévesque,-73.570326,45.498737,31802
Peel / René-Lévesque,-73.577547,45.491164,29809
René-Lévesque / Saint-Marc,-73.583134,45.488107,32271
Atwater / René-Lévesque,-73.584487,45.489323,37945
Atwater / Sainte-Catherine,-73.585775,45.490069,41335
Atwater / Maisonneuve,-73.579261,45.49567,34933
Guy / Maisonneuve,-73.577835,45.495033,34803
Guy / Sainte-Catherine,-73.574687,45.500891,40735
Maisonneuve / Peel,-73.571606,45.50135,19030
Mansfield / Sainte-Catherine,-73.575023,45.497887,29395
Montagne / Sainte-Catherine,-73.572919,45.500012,24326
Peel / Sainte-Catherine,-73.578625,45.490195,33141
Fort du / René-Lévesque,-73.575032,45.493814,25461
Guy / René-Lévesque,-73.570326,45.498737,33725
Peel / René-Lévesque,-73.577547,45.491164,31850
René-Lévesque / Saint-Marc,-73.583134,45.488107,33994
Atwater / René-Lévesque,-73.584487,45.489323,35147
Atwater / Sainte-Catherine,-73.585775,45.490069,38899
Atwater / Maisonneuve,-73.579261,45.49567,32787
Guy / Maisonneuve,-73.577835,45.495033,31874
Guy / Sainte-Catherine,-73.574687,45.500891,35810
Maisonneuve / Peel,-73.571606,45.50135,18257
Mansfield / Sainte-Catherine,-73.575023,45.497887,27187
Montagne / Sainte-Catherine,-73.572919,45.500012,21200
Peel / Sainte-Catherine,-73.578625,45.490195,29644
Fort du / René-Lévesque,-73.575032,45.493814,23111
Guy / René-Lévesque,-73.570326,45.498737,30889
Peel / René-Lévesque,-73.577547,45.491164,29076
René-Lévesque / Saint-Marc,-73.568503,45.569977,31292
Bellechasse / Viau,-73.598378,45.536406,10505
Bellechasse / Christophe-Colomb,-73.601884,45.532574,12343
Bellechasse / Saint-Denis,-73.605353,45.528832,15518
boulevard Saint-Laurent / rue de Bellechasse,-73.604887,45.554073,13519
avenue Louis-Hébert / rue Everett,-73.686646,45.547169,3865
Gouin / Hôpital de la Merci,-73.635329,45.531977,4873
Jarry / Querbes,-73.623366,45.528488,15949
Jean-Talon / Querbes,-73.624989,45.525735,23849
Jean-Talon / Wiseman,-73.633049,45.535926,17653
Esplanade / Jarry,-73.622299,45.536267,12374
Faillon / Saint-Laurent,-73.619871,45.532972,24718
Jean-Talon / Waverley,-73.637544,45.540709,15758
Liège / Saint-Laurent,-73.635991,45.530846,23330
Bloomfield / Jarry,-73.640608,45.529112,10293
rue Birnam / avenue d' Anvers,-73.643696,45.529996,2852
rue Birnam / rue de Liège,-73.637541,45.52822,3898
rue Birnam / rue Jarry,-73.620367,45.532423,8272
rue Alexandra / rue Jean-Talon,-73.624347,45.526814,15235
avenue Champagneur / rue Jean-Talon,-73.639228,45.537705,16629
avenue de l' Esplanade / rue de Liège,-73.625577,45.524755,5490
rue Birnam / rue Jean-Talon,-73.636629,45.529766,16554
avenue d' Outremont / rue Jarry,-73.631279,45.526403,8414
rue Birnam / rue Saint-Roch,-73.620868,45.53188,4372
rue Marconi / rue Jean-Talon,-73.646492,45.531867,15571
avenue Stuart / avenue Wiseman,-73.623701,45.527909,1651
avenue De L'Épée / rue Jean-Talon,-73.620635,45.534865,17767
rue Clark / rue De Castelnau,-73.627485,45.525302,9833
rue Birnam / avenue Ogilvy,-73.634409,45.527302,5153
rue Birnam / avenue Ball,-73.604396,45.469104,2379
Girouard / Saint-Jacques,-73.557258,45.506872,8252
Saint-Antoine / Saint-Laurent,-73.609922,45.53007,12773
Beaubien / Clark,-73.660097,45.57125,13507
Gouin / Papineau,-73.594997,45.550594,3032
Iberville / Saint-Zotique,-73.593806,45.551952,9362
1 ere Avenue / Saint-Zotique,-73.588928,45.557526,5509
13 e Avenue / Saint-Zotique,-73.592517,45.553415,4466
6 e Avenue / Saint-Zotique,-73.581333,45.555228,4712
13 e Avenue / Bellechasse,-73.642726,45.571799,3590
Lille / Sauvé,-73.635471,45.557612,5557
André-Grasset / Émile-Journault,-73.648701,45.563687,5372
Garnier / Sauvé,-73.644092,45.561664,5342
André-Grasset / Louvain,-73.647837,45.471639,4908
Cavendish / Côte-Saint-Luc,-73.62897,45.463725,32016
Cavendish / Sherbrooke,-73.595261,45.464653,37448
Église / Saint-Patrick,-73.572284,45.492534,11718
Guy / Saint-Antoine,-73.72325,45.529705,14403
Gouin / Laurentien,-73.714322,45.526461,32888
Lachapelle / Salaberry,-73.592619,45.445291,22828
La Vérendrye / Trinitaires,-73.575063,45.592041,31701
Jean-Talon / Langelier,-73.600627,45.603463,43937
Couture / Langelier,-73.647837,45.471639,16687
Cavendish / Côte-Saint-Luc,-73.62897,45.463725,33064
Cavendish / Sherbrooke,-73.595261,45.464653,37778
Église / Saint-Patrick,-73.572284,45.492534,11604
Guy / Saint-Antoine,-73.72325,45.529705,17653
Gouin / Laurentien,-73.714322,45.526461,33514
Lachapelle / Salaberry,-73.592619,45.445291,23576
La Vérendrye / Trinitaires,-73.575063,45.592041,32388
Jean-Talon / Langelier,-73.600627,45.603463,43387
Couture / Langelier,-73.647837,45.471639,16367
Cavendish / Côte-Saint-Luc,-73.62897,45.463725,32730
Cavendish / Sherbrooke,-73.595261,45.464653,37823
Église / Saint-Patrick,-73.572284,45.492534,12132
Guy / Saint-Antoine,-73.72325,45.529705,18352
Gouin / Laurentien,-73.714322,45.526461,33001
Lachapelle / Salaberry,-73.592619,45.445291,23104
La Vérendrye / Trinitaires,-73.575063,45.592041,32468
Jean-Talon / Langelier,-73.600627,45.603463,45053
Couture / Langelier,-73.593324,45.469327,16846
Côte-Saint-Paul / Notre-Dame,-73.588763,45.47274,4584
Courcelle / Notre-Dame,-73.587898,45.526233,8628
Saint-Denis / Saint-Joseph,-73.490247,45.639946,22683
Notre-Dame / Saint-Jean-Baptiste,-73.589517,45.524446,14020
avenue de l' Hôtel-de-Ville / boulevard Saint-Joseph,-73.57535,45.524869,10866
rue de Mentana / rue Rachel,-73.595115,45.468757,10510
Carillon / Notre-Dame,-73.600074,45.466588,3651
Monk / Notre-Dame,-73.490247,45.639946,5261
Notre-Dame / Saint-Jean-Baptiste,-73.575872,45.520741,13425
Duluth / Saint-Denis,-73.574298,45.522485,14404
Duluth / Saint-Hubert,-73.580573,45.522895,7851
Marie-Anne / Saint-Denis,-73.578945,45.52461,16075
Marie-Anne / Saint-Hubert,-73.576595,45.523523,7419
Rachel / Saint-Hubert,-73.578181,45.521812,14097
Rachel / Saint-Denis,-73.576198,45.566593,22371
29 e Avenue / Beaubien,-73.577687,45.564925,6842
26 e Avenue / Beaubien,-73.575204,45.567747,5698
31 e Avenue / Beaubien,-73.570109,45.573584,6025
41 e Avenue / Beaubien,-73.563682,45.583003,6030
Beaubien / Beaubien (pl),-73.571153,45.572383,6011
39 e Avenue / Beaubien,-73.490247,45.639946,6432
Notre-Dame / Saint-Jean-Baptiste,-73.577266,45.522802,14329
Berri / Rachel,-73.556427,45.583864,10931
Carignan / Rosemont,-73.564136,45.574983,8118
Assomption / Bellechasse,-73.568503,45.569977,7304
Bellechasse / Viau,-73.561922,45.575637,10822
Chatelain / Rosemont,-73.557595,45.572628,11209
Assomption / Saules des,-73.561024,45.577026,9222
Rosemont / 5689 (Hôp. Maisonneuve-R.),-73.579992,45.519825,9557
Hôtel-de-Ville / Rachel,-73.579132,45.520776,8147
Henri-Julien / Rachel,-73.580835,45.51893,8613
Coloniale / Rachel,-73.594987,45.534899,8228
Christophe-Colomb / Rosemont,-73.510756,45.65279,18070
Sherbrooke / Tricentenaire,-73.487941,45.64907,25302
Notre-Dame / Tricentenaire,-73.506423,45.642603,10974
Montigny / Saint-Jean-Baptiste,-73.516787,45.653701,11261
Industriel / Tricentenaire,-73.595687,45.534131,9873
Boyer / Rosemont,-73.548554,45.66845,12937
boulevard Saint-Jean-Baptiste / boulevard Perras,-73.560351,45.664239,4934
avenue 71e / boulevard Gouin,-73.558391,45.661662,1622
avenue 71e / boulevard Perras,-73.541995,45.671939,6112
avenue 87e / boulevard Gouin,-73.541476,45.671217,2134
avenue 87e / boulevard Perras,-73.550523,45.670601,3155
boulevard Gouin / boulevard Saint-Jean-Baptiste,-73.580184,45.638551,1288
Rita-Levi-Montalcini / Maurice-Duplessis,-73.586015,45.644111,10580
avenue Alexis-Carrel / boulevard Perras,-73.580424,45.650761,11612
boulevard Rodolphe-Forget / avenue Fernand-Forest,-73.589371,45.645877,4270
avenue Alexis-Carrel / avenue Fernand-Forest,-73.567807,45.656789,1613
boulevard de la Rivière-des-Prairies / boulevard Perras,-73.591649,45.647925,9011
avenue Alexis-Carrel / boulevard Gouin,-73.871541,45.490562,1521
Cherrier / Jacques-Bizard,-73.903582,45.507221,23772
chemin du Bord-du-Lac / montée de l' Église,-73.878964,45.486411,1903
chemin Cherrier / montée de l' Église,-73.883235,45.490011,6498
boulevard Chèvremont / montée de l' Église,-73.875761,45.494297,5783
boulevard Chèvremont / boulevard Jacques-Bizard,-73.868986,45.46224,11203
Oakwood / Saint-Charles,-73.549565,45.527834,26878
Fullum / Maisonneuve,-73.558799,45.605364,9919
boulevard Châteauneuf / boulevard Joseph-Renaud,-73.546294,45.604568,8275
boulevard Joseph-Renaud / boulevard Yves-Prévost,-73.538079,45.569876,11742
Dickson / Hochelaga,-73.555103,45.530428,31612
Fullum / Ontario,-73.570672,45.659599,17350
boulevard de la Rivière-des-Prairies / boulevard Gouin,-73.608806,45.420171,1487
rue Centrale / rue Raymond,-73.625705,45.444386,4175
rue Cordner / rue Léger,-73.621116,45.447252,14517
rue Cordner / rue Senkus,-73.625861,45.426263,15527
Dollard / Jean-Brillon,-73.623558,45.425145,11657
Dollard / Salley,-73.614643,45.436781,10597
rue Jean-Brillon / rue Lapierre,-73.680217,45.439949,12098
rue Saint-Antoine / avenue 18e,-73.59298,45.532919,6288
rue Boyer / rue des Carrières,-73.577835,45.495033,6079
Guy / Sainte-Catherine,-73.569968,45.491424,44161
Guy / Saint-Jacques,-73.577835,45.495033,16196
Guy / Sainte-Catherine,-73.569968,45.491424,40534
Guy / Saint-Jacques,-73.574227,45.487018,14241
Georges-Vanier / Saint-Jacques,-73.572095,45.489161,13214
Saint-Jacques / Seigneurs,-73.554824,45.516439,13134
Atateken / René-Lévesque,-73.664399,45.540082,20709
Meilleur / Sauvé,-73.675275,45.543366,23721
Henri-Bourassa / Meilleur,-73.629695,45.615855,24125
Lacordaire / Léger,-73.642487,45.532047,18186
avenue Champagneur / rue de Liège,-73.669255,45.54138,6331
rue Meilleur / rue Fleury,-73.650326,45.583921,6376
Henri-Bourassa / Saint-Michel,-73.626701,45.604417,23887
Henri-Bourassa / Salk,-73.571346,45.462979,22645
Église de l' / Verdun,-73.567191,45.490098,11060
Guy / Notre-Dame,-73.559079,45.511744,11982
René-Lévesque / Sanguinet,-73.539933,45.541144,19424
Davidson / Sainte-Catherine,-73.508807,45.658438,9757
32 e Avenue / Sherbrooke Est,-73.528495,45.65613,17817
Armand-Chaput / Henri-Bourassa Est,-73.569968,45.491424,13634
Guy / Saint-Jacques,-73.622232,45.439454,12077
Lapierre / Newman,-73.632245,45.602537,23417
Henri-Bourassa / Sainte-Gertrude,-73.628985,45.442493,21600
rue Cordner / rue Lapierre,-73.499624,45.668448,14525
La Rousselière / Montigny,-73.599284,45.427252,6068
Bishop Power / Centrale,-73.887953,45.46632,7072
boulevard Gouin / rue des Cageux,-73.895623,45.463671,3588
boulevard Gouin / avenue du Château-Pierrefonds,-73.620162,45.600438,4238
avenue Cantin / rue de Castille,-73.838405,45.500597,6603
Fredmir / Pierrefonds,-73.609547,45.563796,16435
Jarry / Saint-Michel,-73.692241,45.546006,36150
rue De Salaberry / boulevard Gouin,-73.687037,45.540527,6314
avenue du Bois-de-Boulogne / rue Dudemaine,-73.630739,45.591703,6087
Amiens d' / Armand-Lavergne,-73.634395,45.59514,6149
Armand-Lavergne / Charleroi de,-73.710312,45.492347,7911
Bégin / Côte-Vertu,-73.729651,45.498335,22699
rue Dobrin / boulevard Thimens int. Est,-73.730219,45.497888,3919
rue Dobrin / boulevard Thimens int. Ouest,-73.581505,45.62527,5534
Armand-Bombardier / Henri-Bourassa Est/Ray-Lawson,-73.593967,45.557359,36494
Bélanger / Saint-Michel,-73.590087,45.556195,33453
Saint-Michel / Saint-Zotique,-73.562297,45.585614,30269
Beaubien / Carignan/Saint-Zotique,-73.569113,45.581642,10560
Lacordaire / Saint-Zotique,-73.608703,45.596599,19637
Couture / Lacordaire,-73.597024,45.587432,25486
Lacordaire / Robert,-73.604961,45.584407,29706
Robert / Viau,-73.60053,45.579037,16630
Jean-Rivard / Viau,-73.686417,45.439867,14325
rue Saint-Antoine / avenue 25e,-73.657135,45.533392,6554
Acadie / Chabanel,-73.648699,45.592369,31295
boulevard Gouin / boulevard Saint-Vital,-73.84011,45.511091,5639
rue Brook / rue Perron,-73.846746,45.509389,1317
rue Huntington / avenue de Versailles,-73.632907,45.610287,1356
Léger / Salk,-73.698483,45.4395,13353
rue Saint-Antoine / rue Victoria,-73.688864,45.537905,524
Acadie / Dudemaine,-73.705792,45.523056,16861
Grenet / Henri-bourassa,-73.741254,45.504985,26073
Henri-Bourassa / Thimens int Ouest,-73.567801,45.576236,18895
Assomption / Beaubien,-73.572272,45.571139,15344
Beaubien / Viau,-73.559928,45.578589,21094
Lacordaire / Rosemont,-73.648121,45.461046,24805
avenue Doherty / avenue Fielding int Sud,-73.635131,45.471128,2308
avenue de Kensington / avenue Somerled,-73.62491,45.473279,8639
avenue de Melrose / avenue de Monkland,-73.632883,45.469246,11152
avenue Madison / rue de Terrebonne,-73.623207,45.468509,5110
avenue Hingston / avenue Notre-Dame-de-Grâce,-73.635131,45.471128,4108
avenue de Kensington / avenue Somerled,-73.640008,45.471671,7992
avenue West Hill / avenue Fielding,-73.62182,45.487285,9380
avenue Victoria / chemin Mira,-73.62491,45.473279,8098
avenue de Melrose / avenue de Monkland,-73.632883,45.469246,10720
avenue Madison / rue de Terrebonne,-73.596805,45.468195,4380
Notre-Dame / 5440 Centre Gadbois,-73.590821,45.470543,3268
Notre-Dame / Saint-Rémi,-73.563494,45.536839,42699
Iberville / Rachel,-73.567954,45.532162,13269
Bordeaux / Rachel,-73.672387,45.511553,9309
Collège / Sainte-Croix,-73.555122,45.548876,12010
Chambly / Sherbrooke,-73.554706,45.553105,12750
Charlemagne / Sherbrooke,-73.558619,45.541062,13726
Léry (pl) / Sherbrooke,-73.616929,45.555554,13637
Jarry / Lorimier,-73.579679,45.471949,12237
Saint-Patrick / Face au 3552 Saint-Patrick,-73.586854,45.527397,5219
Berri / Saint-Joseph,-73.586484,45.52779,13151
Resther / Saint-Joseph,-73.58609,45.528212,12724
Saint-Hubert / Saint-Joseph,-73.585087,45.529274,14040
rue de Mentana / boulevard Saint-Joseph,-73.58595,45.525342,13661
Gilford / Saint-Denis,-73.661489,45.566792,10714
Gouin / 1635 Est,-73.642551,45.563494,1413
Louvain / Papineau,-73.635737,45.502453,23349
Barclay / Côte-des-Neiges,-73.615617,45.495399,18852
Côte-des-Neiges / Decelles,-73.62431,45.497236,15217
Côte-des-Neiges / Edouard-Montpetit,-73.619034,45.49502,16737
Côte-des-Neiges / Queen-Mary,-73.632186,45.500856,19867
Côte-des-Neiges / Van Horne,-73.581729,45.496564,20447
Côte-des-Neiges / Guy/Sherbrooke,-73.627459,45.498649,22169
Côte-des-Neiges / Côte-Sainte-Catherine,-73.622343,45.530129,22777
Jean-Talon / Parc,-73.569435,45.512499,41696
Saint-Laurent / Sherbrooke,-73.570043,45.511112,53123
Saint-Urbain / Sherbrooke,-73.565561,45.521365,50241
Atateken / Sherbrooke,-73.567462,45.51691,40016
Saint-Denis / Sherbrooke,-73.588292,45.516206,42508
Côte-Sainte-Catherine / Parc,-73.61021,45.525753,46083
Parc / Van Horne,-73.575111,45.515042,76487
Pins / Saint-Laurent,-73.582804,45.516829,51993
Rachel / Saint-Urbain,-73.591357,45.522375,35875
Saint-Joseph / Saint-Laurent,-73.592417,45.521178,55026
Saint-Joseph / Saint-Urbain,-73.574344,45.525662,24305
Christophe-Colomb / Parc-La Fontaine/Rachel,-73.578181,45.521812,28991
Rachel / Saint-Denis,-73.587898,45.526233,52098
Saint-Denis / Saint-Joseph,-73.579525,45.535206,57688
Papineau / Saint-Joseph,-73.605007,45.533979,50255
Beaubien / Saint-Denis,-73.612012,45.542484,39177
Christophe-Colomb / Jean-Talon,-73.594987,45.534899,59609
Christophe-Colomb / Rosemont,-73.628498,45.543754,38230
Jarry / Lajeunesse,-73.629192,45.542588,36047
Jarry / Saint-Denis,-73.614433,45.538299,48510
Jean-Talon / Saint-Denis,-73.59849,45.531019,60180
Rosemont / Van Horne / Saint-Denis,-73.618257,45.534696,50868
Jean-Talon / Saint-Laurent,-73.655951,45.550828,59546
Berri / Sauvé,-73.655635,45.551577,35651
Lajeunesse / Sauvé,-73.659862,45.546973,28580
Saint-Laurent / Sauvé,-73.668654,45.554479,39207
Berri / Henri-Bourassa,-73.66821,45.55522,57284
Henri-Bourassa / Lajeunesse,-73.670912,45.550336,48726
Henri-Bourassa / Saint-Laurent,-73.635358,45.549221,53012
Crémazie / Saint-Hubert inter. Nord,-73.634784,45.549023,39579
Crémazie / Saint-Hubert inter. Sud,-73.572946,45.526938,44979
Brébeuf / Rachel,-73.591306,45.540679,30095
Papineau / Rosemont,-73.642157,45.505314,14950
Côte-des-Neiges / Jean-Talon/Laird,-73.624595,45.530202,19466
Hutchison / Ogilvy,-73.57708,45.530267,6717
Lanaudière / Mont-Royal,-73.554266,45.513322,11868
Saint-Hubert / Viger,-73.584623,45.463547,71129
Angers / Église,-73.578946,45.463303,6543
Champlain / Église de l',-73.579349,45.462447,8400
Champlain / Galt,-73.593777,45.599835,8169
Bombardier / Langelier,-73.584728,45.524777,17754
Bienville / Saint-Denis,-73.591738,45.527986,10377
Boucher / Saint-Denis,-73.593885,45.528936,12293
Carmel / Saint-Denis,-73.589482,45.526951,9602
Laurier / Saint-Denis,-73.593214,45.528644,18346
Saint-Denis / Saint-Grégoire,-73.593777,45.599835,9137
Bombardier / Langelier,-73.581665,45.463426,35975
Drake / Église,-73.582232,45.457051,7838
Drake / Jolicoeur,-73.581004,45.463408,7359
Église / La Vérendrye,-73.581023,45.462526,26025
Galt / La Vérendrye,-73.596112,45.495366,23501
Côte-des-Neiges / The Boulevard,-73.586384,45.451286,38101
Allard / La Vérendrye,-73.581082,45.457008,14557
Jolicoeur / La Vérendrye,-73.596156,45.44143,22469
La Vérendrye / Parc Angrignon,-73.587708,45.479603,13615
Couvent / Saint-Antoine,-73.593891,45.443976,5220
De La Vérendrye / face pont Claude-Brunet,-73.582919,45.523963,13434
Mont-Royal / Saint-Denis,-73.581142,45.465033,16317
La Vérendrye / Sortie A15 Sud,-73.589972,45.523914,14292
Bullion / Saint-Joseph,-73.580128,45.527025,11054
Mentana / Mont-Royal,-73.68517,45.515834,9812
Décarie / Rochon,-73.687915,45.517562,6876
Décarie / Tassé,-73.542892,45.56077,4815
Hochelaga / Saint-Clément,-73.706203,45.49563,67781
Beaulac / Côte-Vertu,-73.641975,45.547605,79186
Émile-Journault / Lajeunesse,-73.638578,45.54528,12533
Crémazie / Saint-Denis inter. Sud,-73.641975,45.547605,29974
Émile-Journault / Lajeunesse,-73.638578,45.54528,11513
Crémazie / Saint-Denis inter. Sud,-73.641975,45.547605,29750
Émile-Journault / Lajeunesse,-73.638578,45.54528,12611
Crémazie / Saint-Denis inter. Sud,-73.504078,45.67214,30292
53 e Avenue / Sherbrooke,-73.497723,45.690303,9074
81 e Avenue / Sherbrooke,-73.502388,45.676987,6728
Réal-Benoit / Sherbrooke,-73.503531,45.673706,8111
Accès Gare Sherbrooke / rue Sherbrooke,-73.557071,45.517457,7975
Atateken / Sainte-Catherine,-73.558931,45.515457,21024
Sainte-Catherine / Saint-Hubert,-73.553656,45.521174,12064
Alexandre-DeSève / Sainte-Catherine,-73.552357,45.5226,5272
Papineau / Sainte-Catherine,-73.548134,45.527173,13619
Fullum / Sainte-Catherine,-73.550493,45.526817,5385
Maisonneuve / Parthenais,-73.552649,45.533012,8652
Frontenac / Ontario,-73.56211,45.533659,17401
Fullum / Sherbrooke,-73.55314,45.532449,35544
Iberville / Ontario,-73.556073,45.529419,15876
Ontario / Parthenais,-73.562484,45.532453,10153
Parthenais / Sherbrooke,-73.560179,45.529394,14287
Lorimier / Rouen inter. Sud,-73.677447,45.434964,12181
rue Notre-Dame / avenue 15e,-73.669329,45.434904,5564
rue Notre-Dame / avenue 6e,-73.5611,45.515316,5413
Berri / Maisonneuve,-73.580678,45.485566,82143
Atwater / Saint-Antoine,-73.8623,45.48231,101112
Jacques-Bizard / Pierrefonds,-73.594547,45.545533,30149
Beaubien / Lorimier,-73.596666,45.543159,18403
Beaubien / Papineau,-73.603546,45.546348,22437
Bélanger / Papineau,-73.593239,45.541586,21300
Bellechasse / Papineau,-73.609414,45.530617,19967
Beaubien / Saint-Laurent inter. Nord,-73.615734,45.533507,13219
Mozart / Saint-Laurent inter. Nord,-73.647986,45.498963,10950
Jean-Talon / Victoria,-73.638877,45.605468,19235
Archevêque l' / Gouin,-73.593766,45.536252,3386
Normanville / Rosemont,-73.581628,45.466788,11160
La Vérendrye / Sortie A15 Nord,-73.577295,45.544117,24614
rue Molson / rue Masson,-73.598918,45.625409,8893
Gilbert-Barbier / Maurice-Duplessis,-73.591917,45.530765,9272
Saint-Grégoire / Saint-Hubert,-73.590242,45.532589,8602
Christophe-Colomb / Saint-Grégoire,-73.588701,45.534237,10808
Brébeuf / Saint-Grégoire,-73.590885,45.53189,6387
Mentana / Saint-Grégoire,-73.587236,45.535811,6104
Garnier / Saint-Grégoire,-73.566819,45.464899,5243
Hickson / Wellington,-73.579205,45.528006,7195
Christophe-Colomb / Mont-Royal,-73.580835,45.533805,14736
Fabre / Saint-Joseph,-73.581996,45.532561,12417
Lanaudière / Saint-Joseph,-73.583461,45.531004,12725
La Roche / Saint-Joseph,-73.587788,45.528963,14436
Laurier / Saint-Hubert,-73.578016,45.529267,10766
Brébeuf / Mont-Royal,-73.582422,45.532114,13082
rue Chambord / boulevard Saint-Joseph,-73.587125,45.465371,13948
Cabot / Saint-Rémi,-73.59009,45.529956,13082
Boucher / Saint-Hubert,-73.586827,45.530062,4787
Laurier / Mentana,-73.601404,45.470983,6638
Décarie / Saint-Jacques,-73.597276,45.473281,15555
rue Pullman / rueSaint-Jacques / rue Saint-Rémi,-73.602536,45.468939,4519
rue Pullman / Sortie Route 136,-73.596501,45.474173,7082
rue Saint-Jacques / CUSM #3,-73.53828,45.46716,8246
rue Berlioz / place du Commerce,-73.680565,45.515837,7661
Côte-Vertu / O'Brien,-73.555792,45.511608,87832
Saint-Denis / Viger,-73.55827,45.505707,32603
Place d'Armes / Saint-Antoine/Saint-Urbain,-73.559791,45.506413,41264
Saint-Urbain / Viger,-73.555792,45.511608,38032
Saint-Denis / Viger,-73.55827,45.505707,32977
Place d'Armes / Saint-Antoine/Saint-Urbain,-73.559791,45.506413,44651
Saint-Urbain / Viger,-73.555792,45.511608,40228
Saint-Denis / Viger,-73.55827,45.505707,33579
Place d'Armes / Saint-Antoine/Saint-Urbain,-73.559791,45.506413,30585
Saint-Urbain / Viger,-73.551897,45.489194,37826
Mill / Oak,-73.554423,45.510987,3967
Bonsecours / Saint-Antoine/Saint-Denis,-73.602316,45.470391,116745
rue Saint-Jacques / bretelle entrée A15 Nord,-73.679986,45.51627,10391
Côte-Vertu / Sainte-Croix,-73.682776,45.514248,22619
Côte-Vertu / Décarie,-73.67575,45.519596,25489
Barré / Côte-Vertu,-73.677284,45.518397,18572
Côte-Vertu / Dutrisac,-73.669799,45.527394,18678
Côte-Vertu / Grimard,-73.670977,45.525593,19935
Côte-Vertu / Jules-Poitras,-73.66881,45.528778,22111
Côte-Vertu / Lebeau,-73.673885,45.521043,24771
Côte-Vertu / Montpellier,-73.672152,45.523785,18672
Côte-Vertu / Muir,-73.681548,45.515199,20475
Côte-Vertu / Saint-Germain,-73.585063,45.574046,19083
rue Jean-Talon / rue de Cannes,-73.694607,45.524601,9776
Cléroux / O'Brien,-73.688732,45.52089,6602
Deguire / O'Brien,-73.691558,45.522644,5926
O'Brien / Poirier,-73.683136,45.517372,8441
O'Brien / Rochon,-73.685955,45.519117,6878
O'Brien / Tassé,-73.593962,45.475174,6932
Courcelle / Saint-Antoine/Saint-Jacques,-73.578712,45.482442,24327
Atwater / Delisle,-73.57798,45.481231,8363
Atwater / Notre-Dame,-73.577291,45.480621,9715
Atwater / Duvernay/Atwater stationnement,-73.567191,45.490098,7956
Guy / Notre-Dame,-73.580468,45.479871,4641
Notre-Dame / Rose-de-Lima,-73.568947,45.487691,3001
Notre-Dame / Seigneurs,-73.608164,45.462221,4687
Notre-Dame / place Turcot int. Ouest,-73.563755,45.494298,3330
Jean-D'Estrées / Murray / Notre-Dame,-73.573152,45.484174,4989
rue du Dominion / rue Notre-Dame,-73.587967,45.473613,2693
rue Thérien / rue Notre-Dame,-73.651335,45.440954,2863
Notre-Dame / Saint-Joseph,-73.633868,45.450343,5152
Sainte-Anne-de-Bellevue / Voie de service A20 Ouest,-73.632153,45.449553,9180
Notre-Dame / Sainte-Anne-de-Bellevue,-73.629729,45.450676,6178
Notre-Dame / rue de la Berge du Canal,-73.628387,45.451475,5332
Notre-Dame / Voie du Petit-Talus,-73.629517,45.4522,6018
Voie de l'escarpement / Voie du Petit-Talus,-73.60706,45.463941,7214
Notre-Dame / Pullman,-73.623483,45.453801,3953
Notre-Dame / Voie du Grand-Talus,-73.593962,45.475174,3675
Courcelle / Saint-Antoine/Saint-Jacques,-73.55111,45.519995,22996
rue Alexandre-DeSève / boulevard René-Lévesque,-73.618713,45.519176,12007
Ducharme / McEachran,-73.617497,45.520527,9266
avenue Ducharme / avenue Stuart,-73.623155,45.532122,6370
rue du Mile End / rue De Castelnau,-73.621144,45.534319,4052
rue Saint-Urbain / rue De Castelnau,-73.621635,45.533777,2154
rue Waverly / rue De Castelnau,-73.622148,45.533215,2986
rue Alexandra / rue De Castelnau,-73.622653,45.53267,2889
rue Marconi / rue De Castelnau,-73.620044,45.535363,3298
Castelnau / Saint-Laurent,-73.618858,45.534069,18223
Clark / Jean-Talon,-73.588794,45.47867,17727
rue du Collège / rue Saint-Antoine,-73.590945,45.476828,8271
rue Lacasse / rue Saint-Antoine,-73.589881,45.477742,9798
rue Saint-Philippe / rue Saint-Antoine,-73.566684,45.483195,9572
rue Island / rue Saint-Patrick,-73.55316,45.478523,9505
avenue Ash / rue Le Ber,-73.55311,45.480568,1919
rue Sainte-Madeleine / rue Le Ber,-73.605968,45.451751,2354
avenue Irwin / avenue Newman,-73.652808,45.461399,11781
avenue de Chester / rue West Broadway,-73.563135,45.480338,3840
rue Grand Trunk / rue Island,-73.630845,45.459536,2038
boulevard De Maisonneuve / rue Park Row Ouest,-73.578715,45.465417,2509
rue Dupuis / rue Hickson,-73.649742,45.425219,4382
rue Airlie / boulevard Newman,-73.648278,45.428373,3810
avenue Lafleur / rue Wanklyn,-73.645758,45.440494,4565
Dollard / Saint-Patrick,-73.629233,45.427879,12684
David-Boyer / Dollard,-73.584572,45.445396,6503
rue Beurling / rue Stephens,-73.647054,45.421756,2167
rue Behrens / rue Centrale,-73.6233,45.419265,2623
rue Beyries / avenue Latour,-73.589729,45.43917,2583
rue Crawford / rue Ouimet,-73.651682,45.420981,1921
avenue Lafleur / boulevard LaSalle,-73.686484,45.441842,9968
25 e Avenue / Provost,-73.669385,45.440029,9015
rue Saint-Antoine / avenue 6e,-73.693917,45.433241,4645
boulevard Saint-Joseph / avenue 34e,-73.677456,45.433555,7034
rue Saint-Louis / avenue 15e,-73.676926,45.444953,2171
rue Sherbrooke / avenue 14e,-73.618469,45.422996,2179
boulevard Champlain / avenue 35e,-73.701265,45.444886,8336
rue Sherbrooke / avenue 40e,-73.569247,45.519079,1992
Berri / Cherrier,-73.579388,45.516965,20565
Duluth / Saint-Laurent,-73.598348,45.558833,24982
Jean-Talon / Saint-Michel,-73.580398,45.553225,47669
Rosemont / Saint-Michel,-73.603343,45.527847,44644
Arcade / Saint-Laurent,-73.569247,45.519079,18590
Berri / Cherrier,-73.579388,45.516965,23387
Duluth / Saint-Laurent,-73.598348,45.558833,27943
Jean-Talon / Saint-Michel,-73.580398,45.553225,48379
Rosemont / Saint-Michel,-73.603343,45.527847,47143
Arcade / Saint-Laurent,-73.569247,45.519079,21254
Berri / Cherrier,-73.579388,45.516965,19097
Duluth / Saint-Laurent,-73.598348,45.558833,26740
Jean-Talon / Saint-Michel,-73.580398,45.553225,49060
Rosemont / Saint-Michel,-73.603343,45.527847,46728
Arcade / Saint-Laurent,-73.567177,45.509817,19976
Maisonneuve / Saint-Urbain,-73.564691,45.496892,16021
Cathédrale / Saint-Jacques,-73.565369,45.496197,21186
Peel / Saint-Jacques,-73.562564,45.507707,18036
René-Lévesque / Saint-Urbain,-73.561111,45.504842,37509
Jeanne-Mance / Viger,-73.567462,45.51691,12216
Saint-Denis / Sherbrooke,-73.559435,45.525877,35270
Ontario / Papineau,-73.567177,45.509817,43195
Maisonneuve / Saint-Urbain,-73.564691,45.496892,17848
Cathédrale / Saint-Jacques,-73.565369,45.496197,21527
Peel / Saint-Jacques,-73.562564,45.507707,19586
René-Lévesque / Saint-Urbain,-73.561111,45.504842,41253
Jeanne-Mance / Viger,-73.567462,45.51691,13942
Saint-Denis / Sherbrooke,-73.559435,45.525877,39005
Ontario / Papineau,-73.567177,45.509817,45721
Maisonneuve / Saint-Urbain,-73.564691,45.496892,18195
Cathédrale / Saint-Jacques,-73.565369,45.496197,22196
Peel / Saint-Jacques,-73.562564,45.507707,19484
René-Lévesque / Saint-Urbain,-73.561111,45.504842,43105
Jeanne-Mance / Viger,-73.567462,45.51691,14453
Saint-Denis / Sherbrooke,-73.559435,45.525877,40784
Ontario / Papineau,-73.604396,45.469104,46585
Girouard / Saint-Jacques,-73.622569,45.48091,15910
Côte-Saint-Luc / Décarie inter. Est,-73.622872,45.48059,39141
Côte-Saint-Luc / Décarie inter. Ouest,-73.604396,45.469104,40250
Girouard / Saint-Jacques,-73.622569,45.48091,15827
Côte-Saint-Luc / Décarie inter. Est,-73.622872,45.48059,39547
Côte-Saint-Luc / Décarie inter. Ouest,-73.604396,45.469104,41264
Girouard / Saint-Jacques,-73.622569,45.48091,16782
Côte-Saint-Luc / Décarie inter. Est,-73.622872,45.48059,40416
Côte-Saint-Luc / Décarie inter. Ouest,-73.581946,45.50455,41878
Peel / Pins,-73.579261,45.49567,15536
Guy / Maisonneuve,-73.581946,45.50455,51349
Peel / Pins,-73.579261,45.49567,16306
Guy / Maisonneuve,-73.581946,45.50455,50497
Peel / Pins,-73.579261,45.49567,17730
Guy / Maisonneuve,-73.562564,45.507707,52157
René-Lévesque / Saint-Urbain,-73.559435,45.525877,42323
Ontario / Papineau,-73.562564,45.507707,45096
René-Lévesque / Saint-Urbain,-73.559435,45.525877,47001
Ontario / Papineau,-73.562564,45.507707,50008
René-Lévesque / Saint-Urbain,-73.559435,45.525877,47098
Ontario / Papineau,-73.647026,45.442309,49268
Notre-Dame / Saint-Pierre (Lachine),-73.611981,45.629439,29264
Louis-Hypolyte-La Fontaine/Perras Int. Ouest,-73.647026,45.442309,24711
Notre-Dame / Saint-Pierre (Lachine),-73.611981,45.629439,31383
Louis-Hypolyte-La Fontaine/Perras Int. Ouest,-73.647026,45.442309,25234
Notre-Dame / Saint-Pierre (Lachine),-73.611981,45.629439,31470
Louis-Hypolyte-La Fontaine/Perras Int. Ouest,-73.553767,45.523257,24927
Maisonneuve / Papineau,-73.536228,45.652355,39613
Henri-Bourassa Est / Saint-Jean-Baptiste,-73.561912,45.501372,32771
Saint-Antoine / Square Victoria Ouest,-73.553767,45.523257,17909
Maisonneuve / Papineau,-73.536228,45.652355,40893
Henri-Bourassa Est / Saint-Jean-Baptiste,-73.561912,45.501372,31955
Saint-Antoine / Square Victoria Ouest,-73.553767,45.523257,19154
Maisonneuve / Papineau,-73.536228,45.652355,38671
Henri-Bourassa Est / Saint-Jean-Baptiste,-73.561912,45.501372,31257
Saint-Antoine / Square Victoria Ouest,-73.66821,45.55522,19036
Henri-Bourassa / Lajeunesse,-73.621449,45.555067,34114
Crémazie / Papineau inter. Nord-Est,-73.602012,45.568305,30072
19 e Avenue / Crémazie inter. Nord,-73.66821,45.55522,18456
Henri-Bourassa / Lajeunesse,-73.621449,45.555067,37196
Crémazie / Papineau inter. Nord-Est,-73.602012,45.568305,30866
19 e Avenue / Crémazie inter. Nord,-73.66821,45.55522,21000
Henri-Bourassa / Lajeunesse,-73.621449,45.555067,35957
Crémazie / Papineau inter. Nord-Est,-73.602012,45.568305,27219
19 e Avenue / Crémazie inter. Nord,-73.554424,45.565341,17620
Sherbrooke / Viau,-73.612388,45.426732,127985
Champlain / Gagné,-73.549749,45.52138,11853
Papineau / René-Lévesque,-73.625963,45.452413,106374
Angrignon / bretelle Notre-Dame dir Sud,-73.662479,45.562626,107395
Christophe-Colomb / Henri-Bourassa,-73.618085,45.519849,36746
avenue Ducharme / avenue Dollard,-73.618713,45.519176,4477
Ducharme / McEachran,-73.617497,45.520527,8156
avenue Ducharme / avenue Stuart,-73.651222,45.559319,3767
Christophe-Colomb / Sauvé,-73.681852,45.528786,14916
Jules-Poitras / Sortie A-15 dir. Sud / Crépeau,-73.558211,45.512699,14862
René-Lévesque / Saint-Denis,-73.556978,45.512138,17765
La Gauchetière / Saint-Denis,-73.602739,45.581015,7632
D'Artagnan / Viau,-73.603079,45.582464,8183
Jean-Nicolet / Viau,-73.633868,45.450343,8658
Sainte-Anne-de-Bellevue / Voie de service A20 Ouest,-73.632153,45.449553,29582
Notre-Dame / Sainte-Anne-de-Bellevue,-73.628387,45.451475,18124
Notre-Dame / Voie du Petit-Talus,-73.626374,45.452772,18339
Angrignon/ Voie de service A20 Est,-73.626762,45.453204,30492
Angrignon / Voie de service A20 Ouest,-73.649786,45.531197,22613
Acadie / Crémazie inter. Nord,-73.677845,45.51491,41317
Decelles / Sainte-Croix,-73.649786,45.531197,16765
Acadie / Crémazie inter. Nord,-73.677845,45.51491,40590
Decelles / Sainte-Croix,-73.649786,45.531197,17733
Acadie / Crémazie inter. Nord,-73.677845,45.51491,42897
Decelles / Sainte-Croix,-73.584862,45.49087,17234
Lambert-Closse / Maisonneuve,-73.583593,45.49012,5466
Lambert-Closse / Sainte-Catherine,-73.585775,45.490069,10261
Atwater / Maisonneuve,-73.558211,45.512699,17760
René-Lévesque / Saint-Denis,-73.556978,45.512138,16818
La Gauchetière / Saint-Denis,-73.557765,45.511142,6657
La Gauchetière / Sanguinet,-73.55614,45.513033,5534
rue Berri / rue De La Gauchetière,-73.657535,45.499523,9698
Mountain Sights / Savane,-73.649529,45.50072,6686
Savane / Victoria,-73.649226,45.499677,6711
Paré / Victoria,-73.551756,45.525462,5554
Lorimier / Maisonneuve,-73.721784,45.531224,37311
Gouin / Lachapelle,-73.72325,45.529705,27341
Gouin / Laurentien,-73.629693,45.550739,29606
Christophe-Colomb / Crémazie inter. Nord,-73.629366,45.550244,44681
Christophe-Colomb / Crémazie inter. Sud,-73.724109,45.529197,35932
rue Cousineau / boulevard Gouin,-73.551756,45.525462,9677
Lorimier / Maisonneuve,-73.721784,45.531224,32934
Gouin / Lachapelle,-73.72325,45.529705,23269
Gouin / Laurentien,-73.551756,45.525462,26855
Lorimier / Maisonneuve,-73.721784,45.531224,37716
Gouin / Lachapelle,-73.72325,45.529705,26324
Gouin / Laurentien,-73.650547,45.500574,29297
Kindersley / Savane,-73.55964,45.547019,7591
Davidson / Rachel/Saint-Michel,-73.634508,45.450954,8842
Brock Sud / Sainte-Anne-de-Bellevue,-73.625429,45.453223,13315
Voie de service A20 Est / Tournebride,-73.623768,45.454044,5298
Voie de service A20 Est / Rue A8,-73.605648,45.435229,5919
Lapierre / 1111 CEGEP A-Laurendeau,-73.583335,45.558405,4572
16 e Avenue / Beaubien,-73.579595,45.557256,6708
16 e Avenue / Bellechasse,-73.563925,45.527945,3014
Papineau / Sherbrooke,-73.582919,45.523963,36958
Mont-Royal / Saint-Denis,-73.519566,45.6447,36568
Industriel / Saint-Jean-Baptiste,-73.529573,45.648813,18880
Saint-Jean-Baptiste / Autoroute 40 nord,-73.6463,45.581382,17390
Prieur / Saint-Michel,-73.618829,45.605621,13501
Amos d' / Lacordaire,-73.569247,45.519079,24188
Berri / Cherrier,-73.58638,45.520102,13374
Mont-Royal / Saint-Laurent,-73.594388,45.518993,26018
Parc / Saint-Joseph,-73.574572,45.532918,30090
Mont-Royal / Papineau,-73.588641,45.517525,27896
Jeanne-Mance / Mont-Royal,-73.707572,45.522194,10122
Henri-Bourassa / Marcel-Laurin,-73.701659,45.518578,44581
Marcel-Laurin / Galerie St-Laurent St-Exupéry,-73.778134,45.504587,29384
Gouin / Lalande,-73.675059,45.509429,19216
Collège / Décarie,-73.734029,45.522499,15697
boulevard Toupin / avenue Jean-Bourdon,-73.593053,45.515753,4513
Côte-Sainte-Catherine / McNider,-73.619035,45.614951,9931
Maurice-Duplessis / Rolland,-73.628828,45.609857,10403
boulevard Maurice-Duplessis / boulevard Sainte-Colette,-73.687264,45.514202,3400
rue Cardinal / rue Rochon,-73.681008,45.526275,6247
rue Deguire / rue Muir,-73.672989,45.526196,2958
boulevard Jules-Poitras / boulevard Thompson,-73.705531,45.521002,11512
Laval / Marcel-Laurin,-73.811746,45.498299,27572
boulevard des Sources / rue 14e,-73.618958,45.508049,22722
Côte-Sainte-Catherine / Wilderton,-73.618856,45.503262,17475
Edouard-Montpetit / Louis-Colin,-73.62407,45.509849,22216
Van Horne / Wilderton,-73.631326,45.51332,16725
Bates / Wilderton,-73.556337,45.492999,11808
rue de la Commune / rue Peel,-73.571425,45.462097,2375
Galt / Verdun,-73.569514,45.472309,11077
Henri-Duhamel / LaSalle,-73.570526,45.472294,6469
Henri-Duhamel / Verdun,-73.641,45.594353,7097
Amos d' / Pie-IX,-73.625292,45.611712,12915
Lacordaire / Maurice-Duplessis,-73.558643,45.532059,12957
Fullum / Rouen,-73.556073,45.529419,4670
Ontario / Parthenais,-73.562484,45.532453,8127
Parthenais / Sherbrooke,-73.559558,45.531073,16432
rue Parthenais / rue de Rouen,-73.558643,45.532059,3164
Fullum / Rouen,-73.556073,45.529419,5210
Ontario / Parthenais,-73.562484,45.532453,7899
Parthenais / Sherbrooke,-73.559558,45.531073,15710
rue Parthenais / rue de Rouen,-73.647837,45.471639,3615
Cavendish / Côte-Saint-Luc,-73.641888,45.469307,11707
Cavendish / Fielding,-73.632238,45.465176,8240
Cavendish / Monkland,-73.63824,45.467885,8840
Cavendish / Somerled,-73.635243,45.46674,8902
Cavendish / Terrebonne,-73.624211,45.461489,7228
Cavendish / Saint-Jacques,-73.62897,45.463725,12422
Cavendish / Sherbrooke,-73.645526,45.470719,14069
Cavendish / Chester,-73.653928,45.474434,5876
boulevard Cavendish / chemin Fleet,-73.5551,45.521848,15260
Alexandre-DeSève / Maisonneuve,-73.562297,45.585614,7981
Beaubien / Carignan/Saint-Zotique,-73.623041,45.612883,6980
Désy / Maurice-Duplessis,-73.699216,45.518044,6257
Poirier / Accès commerces entre Marcel-Laurin et Grenet,-73.760089,45.507896,8608
Gouin / Sortie A-13 (int.Est) Pitfield,-73.761505,45.507582,13994
boulevard Gouin / boulevard Pitfield (Int Ouest),-73.756877,45.503336,22842
rue De Salaberry / boulevard Pitfield,-73.756368,45.503585,19629
boulevard Pitfield / rue Thimens,-73.609147,45.540129,16459
Bélanger / Boyer,-73.665602,45.535649,6598
Acadie / Sauvé,-73.663816,45.535443,26215
Acadie / Port-Royal,-73.623596,45.605454,17643
Henri-Bourassa / Jean-Meunier,-73.619976,45.606674,15938
Henri-Bourassa / Lacordaire,-73.624223,45.605248,52756
Henri-Bourassa / Sainte-Colette,-73.562038,45.497108,15988
Inspecteur / Notre-Dame,-73.562987,45.495417,7834
Notre-Dame / Peel,-73.559398,45.494027,30799
Ottawa / Peel,-73.557432,45.493303,17377
Peel / Wellington,-73.561355,45.494764,24807
Peel / William,-73.561797,45.496972,17227
Inspecteur / Saint-Maurice,-73.567305,45.498146,4721
Cathédrale / La Gauchetière,-73.566016,45.497523,17467
Cathédrale / Saint-Antoine,-73.564691,45.496892,36081
Cathédrale / Saint-Jacques,-73.566682,45.498976,18185
La Gauchetière / Mansfield,-73.56861,45.497774,24541
La Gauchetière / Peel,-73.565142,45.498217,14099
Mansfield / Saint-Antoine,-73.563943,45.497645,29221
Mansfield / Saint-Jacques,-73.566802,45.496897,16596
Peel / Saint-Antoine,-73.565369,45.496197,38165
Peel / Saint-Jacques,-73.56771,45.496189,25527
Jean-d'Estrées / Saint-Antoine,-73.566136,45.495377,25109
Jean-d'Estrées / Saint-Jacques,-73.562701,45.495919,13556
Cathédrale / Notre-Dame,-73.56307,45.589215,8770
Langelier / Michel-Bouvier,-73.622223,45.544736,8676
Rosaire du / Saint-Hubert,-73.581505,45.62527,4797
Armand-Bombardier / Henri-Bourassa Est/Ray-Lawson,-73.640487,45.577688,40213
Mont-Joli / Saint-Michel,-73.624539,45.600271,8933
Alfred / Charleroi de,-73.711277,45.50537,5916
Cavendish / Poirier,-73.6231,45.601033,17755
Charleroi de / Salk,-73.648188,45.443643,5729
Saint Jacques / Saint-Pierre,-73.644968,45.445635,13229
Ouellette / Saint-Jacques,-73.646589,45.444628,11293
avenue du Chalet / rue Saint-Jacques,-73.647546,45.443176,12184
Saint-Pierre / Sortie A-20 (int. Nord),-73.569129,45.495068,15053
Montagne / Saint-Antoine,-73.567297,45.494174,16239
Montagne / Saint-Jacques,-73.56346,45.499621,14263
Robert-Bourassa / Saint-Antoine,-73.564447,45.500331,30642
Robert-Bourassa / Viger,-73.567807,45.494393,22534
rue de la Montagne / sortie R-136,-73.642666,45.580096,6461
rue Fleury / avenue Audoin,-73.634012,45.611306,5381
rue Aubin / avenue Salk,-73.642666,45.580096,764
rue Fleury / avenue Audoin,-73.634012,45.611306,5238
rue Aubin / avenue Salk,-73.642666,45.580096,694
rue Fleury / avenue Audoin,-73.631678,45.588395,2427
rue Forest / avenue de l' Hôtel-de-Ville,-73.626998,45.622436,3528
rue Racine / boulevard Rolland,-73.631678,45.588395,484
rue Forest / avenue de l' Hôtel-de-Ville,-73.626998,45.622436,3204
rue Racine / boulevard Rolland,-73.64549,45.490746,487
Décarie / Plamondon inter. Ouest,-73.624744,45.62031,4084
boulevard Rolland / rue Villeneuve,-73.64549,45.490746,3443
Décarie / Plamondon inter. Ouest,-73.624744,45.62031,8245
boulevard Rolland / rue Villeneuve,-73.632139,45.614291,3559
rue Aubin / avenue Lanthier,-73.633006,45.615077,394
avenue Lanthier / rue Marcel-Monette,-73.632139,45.614291,305
rue Aubin / avenue Lanthier,-73.633006,45.615077,355
avenue Lanthier / rue Marcel-Monette,-73.623454,45.616991,263
rue Arthur-Chevrier / avenue Corbeil,-73.621674,45.596486,4302
rue d' Amiens / avenue Brunet,-73.634872,45.616618,4066
boulevard Gouin / avenue Lanthier,-73.633546,45.615603,2225
avenue Lanthier / rue Léopold-Pouliot,-73.634872,45.616618,221
boulevard Gouin / avenue Lanthier,-73.633546,45.615603,1939
avenue Lanthier / rue Léopold-Pouliot,-73.636286,45.613467,191
boulevard Gouin / avenue Salk,-73.635508,45.612721,2366
rue Léopold-Pouliot / avenue Salk,-73.636286,45.613467,514
boulevard Gouin / avenue Salk,-73.635508,45.612721,1980
rue Léopold-Pouliot / avenue Salk,-73.63325,45.61061,491
avenue Salk / rue de Séville,-73.631306,45.608754,1976
rue Perras / avenue Salk,-73.629344,45.606894,2095
rue de la Gare / avenue Salk,-73.629785,45.607326,1258
avenue Salk / rue William-Allan,-73.629344,45.606894,1113
rue de la Gare / avenue Salk,-73.629785,45.607326,1442
avenue Salk / rue William-Allan,-73.624928,45.602741,1240
rue d' Amos / avenue Salk,-73.628964,45.606534,2737
avenue Salk / avenue Thomas-Chapais,-73.624928,45.602741,1369
rue d' Amos / avenue Salk,-73.628964,45.606534,2818
avenue Salk / avenue Thomas-Chapais,-73.625537,45.60333,1537
rue Jules-Fournier / avenue Salk,-73.753675,45.510299,2794
Camille / Gouin/Ruisseau,-73.760089,45.507896,7245
Gouin / Sortie A-13 (int.Est) Pitfield,-73.761505,45.507582,10863
boulevard Gouin / boulevard Pitfield (Int Ouest),-73.56737,45.532774,17077
Lorimier / Rachel,-73.651551,45.58086,33737
Henri-Bourassa / Larose,-73.6546,45.57681,14864
Henri-Bourassa / Lille,-73.657137,45.572868,16185
Henri-Bourassa / Saint-Firmin,-73.652523,45.579345,16090
Henri-Bourassa / Sackville,-73.668654,45.554479,14933
Berri / Henri-Bourassa,-73.664735,45.561717,23938
Chambord / Henri-Bourassa,-73.662479,45.562626,17647
Christophe-Colomb / Henri-Bourassa,-73.665738,45.560375,21348
Georges-Baril / Henri-Bourassa,-73.66821,45.55522,17675
Henri-Bourassa / Lajeunesse,-73.669913,45.552033,20596
Henri-Bourassa / Laverdure,-73.670912,45.550336,17010
Henri-Bourassa / Saint-Laurent,-73.674487,45.544495,19828
Henri-Bourassa / Tanguay,-73.673409,45.546215,17035
Henri-Bourassa / Tolhurst,-73.679608,45.53635,17460
Henri-Bourassa / Marcelin-Wilson,-73.639141,45.59995,18574
Henri-Bourassa / Léger,-73.657903,45.571357,10747
Henri-Bourassa / Séguin,-73.648151,45.588788,15053
Henri-Bourassa / Mère Anselme / Parc-Georges,-73.645883,45.591798,13820
Henri-Bourassa / Rome de,-73.646854,45.590633,13889
Henri-Bourassa / Saint-Vital,-73.624223,45.605248,16289
Henri-Bourassa / Sainte-Colette,-73.651587,45.549618,15607
Berri / Louvain,-73.651223,45.550286,8038
Lajeunesse / Louvain,-73.649518,45.553221,7221
Louvain / Saint-Hubert,-73.554997,45.51251,9684
Berri / Viger,-73.558211,45.512699,19089
René-Lévesque / Saint-Denis,-73.555792,45.511608,17813
Saint-Denis / Viger,-73.556628,45.510639,16696
Sanguinet / Viger,-73.600843,45.53859,21723
rue De La Roche / rue Beaubien,-73.617686,45.54793,8010
rue Chambord / rue Villeray,-73.606188,45.538054,3815
rue Saint-André / rue Saint-Zotique,-73.600843,45.53859,5916
rue De La Roche / rue Beaubien,-73.617686,45.54793,7515
rue Chambord / rue Villeray,-73.606188,45.538054,3648
rue Saint-André / rue Saint-Zotique,-73.600843,45.53859,5358
rue De La Roche / rue Beaubien,-73.617686,45.54793,10898
rue Chambord / rue Villeray,-73.606188,45.538054,3707
rue Saint-André / rue Saint-Zotique,-73.557202,45.537468,10043
Hochelaga / Hogan,-73.556453,45.538643,7995
Hochelaga / Wurtele,-73.543786,45.559352,9521
Hochelaga / Leclaire,-73.554702,45.541497,12242
Hochelaga / Moreau,-73.548232,45.552548,12953
Hochelaga / Pie-IX,-73.542433,45.561485,22280
Hochelaga / Viau,-73.647156,45.442633,17469
Saint-Pierre / Sortie A-20 (int. Sud),-73.647546,45.443176,12352
Saint-Pierre / Sortie A-20 (int. Nord),-73.647026,45.442309,11486
Notre-Dame / Saint-Pierre (Lachine),-73.58043,45.492817,16542
Sainte-Catherine / Saint-Marc,-73.560893,45.52359,15385
Ontario / Plessis,-73.556427,45.583864,7199
Carignan / Rosemont,-73.565251,45.580364,12131
Beaubien / Lacordaire,-73.56307,45.589215,31640
Langelier / Michel-Bouvier,-73.562297,45.585614,13030
Beaubien / Carignan/Saint-Zotique,-73.560505,45.58846,16205
Beaubien / Langelier,-73.577266,45.522802,32146
Berri / Rachel,-73.567649,45.590296,11626
Bélanger / Langelier,-73.569113,45.581642,25109
Lacordaire / Saint-Zotique,-73.572586,45.582793,28454
Bélanger / Lacordaire,-73.603267,45.526156,37099
Bernard / Saint-Urbain,-73.580484,45.515763,16983
Duluth / Saint-Urbain,-73.595599,45.522678,8987
Fairmount / Saint-Urbain,-73.593869,45.521868,15207
Laurier / Saint-Urbain,-73.585157,45.517877,16358
Marie-Anne / Saint-Urbain,-73.587458,45.518903,11503
Mont-Royal / Saint-Urbain,-73.573624,45.512668,18879
Prince-Arthur / Saint-Urbain,-73.57829,45.51476,13498
Saint-Cuthbert / Saint-Urbain,-73.599979,45.524629,8001
Saint-Urbain / Saint-Viateur,-73.629056,45.530156,16004
Querbes / Saint-Roch,-73.612802,45.531359,9856
Clark / Saint-Zotique,-73.571547,45.477125,11868
Argenson / Centre,-73.569363,45.478463,4683
Centre / Charlevoix,-73.564503,45.48143,9233
Centre / Island,-73.565818,45.480621,4368
Centre / Laprairie,-73.562076,45.482906,4516
Centre / Shearer,-73.567144,45.479815,4231
Centre / Ropery,-73.560583,45.483813,5242
Centre / de la Sucrerie,-73.558448,45.485116,2443
rue du Centre / rue De Condé,-73.562963,45.482361,2451
rue Jardin / rue du Centre,-73.563682,45.48193,2750
rue Soulanges / rue du Centre,-73.559517,45.484466,2832
rue De Montmorency / rue du Centre,-73.590452,45.520264,1912
Saint-Urbain / Villeneuve,-73.622569,45.48091,12453
Côte-Saint-Luc / Décarie inter. Est,-73.622872,45.48059,19873
Côte-Saint-Luc / Décarie inter. Ouest,-73.575251,45.547531,18008
5 e Avenue / Masson,-73.574221,45.549194,15752
8 e Avenue / Masson,-73.57117,45.554611,7211
16 e Avenue / Masson,-73.572781,45.557489,4420
Bourbonnière / Dandurand,-73.57006,45.556617,6117
Bourbonnière / Masson,-73.601884,45.532574,4523
Bellechasse / Saint-Denis,-73.576559,45.545308,16151
1 ere Avenue / Masson,-73.575925,45.546419,7535
3 e Avenue / Masson,-73.580932,45.561162,7541
avenue 20e / rue Beaubien,-73.578361,45.548458,6266
avenue 5e / rue Dandurand,-73.577295,45.544117,9265
rue Molson / rue Masson,-73.576256,45.551904,10786
Dandurand / Saint-Michel,-73.57119,45.559917,17054
Dandurand / Pie-IX,-73.570429,45.550175,14468
Laurier / Saint-Michel,-73.568468,45.559036,13206
Masson / Pie-IX,-73.573145,45.55098,13734
Masson / Saint-Michel,-73.573839,45.56077,19470
Pie-IX / Rosemont,-73.580398,45.553225,22974
Rosemont / Saint-Michel,-73.56825,45.54952,24346
Saint-Joseph / Saint-Michel,-73.672213,45.548159,18380
rue Waverly / boulevard Henri-Bourassa,-73.671834,45.548804,16889
rue Saint-Urbain / boulevard Henri-Bourassa,-73.674132,45.545058,17206
rue Verville / boulevard Henri-Bourassa,-73.674871,45.543936,17489
rue Hogue / boulevard Henri-Bourassa,-73.67376,45.545644,17657
rue Jeanne-Mance / boulevard Henri-Bourassa,-73.673026,45.546846,17180
rue Meunier / boulevard Henri-Bourassa,-73.671459,45.549431,16321
rue Clark / boulevard Henri-Bourassa,-73.669431,45.552967,15445
avenue D'Auteuil / boulevard Henri-Bourassa,-73.670389,45.551223,17679
boulevard Grande-Allée / boulevard Henri-Bourassa,-73.58476,45.532408,16706
Brébeuf / Laurier,-73.581339,45.53604,7490
Laurier / Papineau inter. Nord,-73.61058,45.562651,11249
9 e Avenue / Jarry,-73.613781,45.559082,7324
Iberville / Jarry,-73.612352,45.560674,15565
2 e Avenue / Jarry,-73.632153,45.449553,10088
Notre-Dame / Sainte-Anne-de-Bellevue,-73.629729,45.450676,17533
Notre-Dame / rue de la Berge du Canal,-73.646423,45.552331,15117
Chabanel / Saint-Hubert,-73.649518,45.553221,7725
Louvain / Saint-Hubert,-73.618569,45.542274,10562
Châteaubriand / Faillon,-73.62152,45.543631,5336
Châteaubriand / Villeray,-73.618008,45.542904,7002
Faillon / Saint-Hubert,-73.620952,45.544243,5096
Saint-Hubert / Villeray,-73.620952,45.544243,7555
